Count,IP,Location
6749,182.100.67.59,China
3379,183.3.202.111,China
3085,218.25.208.92,China
142,41.223.57.47,Kenya
87,195.154.49.74,France
57,180.128.252.1,Thailand
27,208.109.54.40,United States
20,159.122.220.20,United States
9,203.0.113.45,Singapore
8,102.165.32.11,Nigeria
8,185.60.216.35,Netherlands
7,91.200.12.34,Germany
7,103.21.244.0,India
6,45.67.89.101,Brazil
6,154.72.56.89,South Africa
5,77.88.55.22,Russia
5,190.123.45.67,Argentina
4,66.249.66.1,United States
4,139.130.4.5,Australia
3,123.45.67.89,India
3,37.48.89.12,Ukraine
2,198.51.100.23,Canada
2,41.79.123.45,Egypt
1,192.0.2.99,Australia
1,203.104.130.1,Japan
1,62.210.89.10,France
